광명	0456A
광명	0406A
광명	0430C
광명	0448K
광명	0433B
광명	0303
광명	0426A
광명	0448C
광명	0448F
광명	0435A
광명	0448A
광명	0448L
광명	0417C
광명	0415A
광명	0448D
광명	0610
광명	0424
광명	0430A
광명	0417J
광명	0603A
광명	0403A
광명	0417D
광명	0448E
광명	0417G
광명	0428A
광명	0448J
광명	0433A
광명	0406B
광명	0415C
광명	0457
광명	0437B
광명	0433E
광명	0437A
광명	0417B
광명	0403B
광명	0417F
광명	0602
광명	0420
광명	0430B
광명	0417H
광명	0433C
광명	0250
광명	0157
광명	0428B
광명	0448B
광명	0448G
광명	0435B
광명	0448H
광명	0456B
광명	0402
광명	0415B
광명	0603B
광명	0614
광명	0426B
광명	0433D
광명	0439
광명	0417A
광명	0417E
반월	0630B
반월	0638B
반월	0626A
반월	0645B
반월	0623
반월	0660A
반월	0644
반월	0639B
반월	0630A
반월	0626B
반월	0645A
반월	0611B
반월	0635
반월	0638A
반월	0639A
반월	0657
반월	0627
반월	0611A
반월	0656
반월	0660B
매송	0826B
매송	0808
매송	0829
매송	0805B
매송	0815B
매송	0801A
매송	0836B
매송	0818
매송	0804
매송	0811B
매송	0805A
매송	0844B
매송	0815A
매송	0826A
매송	0814
매송	0833A
매송	0811A
매송	0821
매송	0801B
매송	0836A
화성	0848
화성	1213B
화성	1203B
화성	1406
화성	0841A
화성	1403A
화성	1256A
화성	1403B
화성	1256B
화성	1213D
화성	1202
화성	1203A
화성	1205
화성	0851
화성	1213A
화성	0844A
화성	1402B
화성	0833B
화성	1257B
화성	1256D
화성	0856A
화성	1213C
화성	0858
화성	0853
화성	1203C
화성	1412
화성	0841B
화성	0856B
화성	1407A
화성	1402A
화성	1257A
화성	1256C
고덕	1425A
고덕	1807B
고덕	1803A
고덕	1425B
고덕	1603D
고덕	1415A
고덕	1421B
고덕	1656B
고덕	1424
고덕	1657A
고덕	1811B
고덕	1603B
고덕	1656A
고덕	1814A
고덕	1657B
고덕	1421A
고덕	1603C
고덕	1810A
고덕	1806B
고덕	1656C
고덕	1802A
고덕	1420
고덕	1603E
고덕	1811A
고덕	1803B
고덕	1603A
고덕	1806A
고덕	1814B
고덕	1415B
고덕	1407B
고덕	1602
고덕	1810B
고덕	1807A
고덕	1656D
고덕	1802B
고덕	1418
남산	1702A
남산	1703C
남산	1749A
남산	1569B
남산	1815
남산	1756C
남산	1703B
남산	1557B
남산	1756E
남산	1572B
남산	1756B
남산	1713
남산	1756D
남산	1569A
남산	1703A
남산	1572A
남산	1702B
남산	1756A
남산	1756F
둔포	1852A
둔포	1858A
둔포	1853B
둔포	1848B
둔포	1836B
둔포	1845
둔포	1837B
둔포	1827A
둔포	1837A
둔포	1852B
둔포	1840B
둔포	1853A
둔포	1830A
둔포	1833
둔포	1858B
둔포	1749B
둔포	1840A
둔포	1848A
둔포	1836A
둔포	1849
둔포	1830B
둔포	1827B